{
  "name": "bobplates",
  "version": "0.17.2",
  "factorio_version": "0.17",
  "title": "Bob's Metals, Chemicals and Intermediates",
  "author": "Bobingabout",
  "contact": "robertagius@hotmail.com",
  "homepage": "https://forums.factorio.com/viewforum.php?f=51",
  "description": "Smelt extra ores into plates, and make useful intermediate products.",
  "dependencies": ["base >= 0.17.12", "boblibrary >= 0.17.0", "? bobores >= 0.17.0", "? bobtech >= 0.17.0", "? bobenemies >= 0.17.0"]
}
